Country,2010,2010_lower, 2010_upper, 2011,2011_lower, 2011_upper, 2012,2012_lower, 2012_upper, 2013,2013_lower, 2013_upper, 2014,2014_lower, 2014_upper, 2015,2015_lower, 2015_upper, 2016,2016_lower, 2016_upper, 2017,2017_lower, 2017_upper, 2018,2018_lower, 2018_upper, 2018
Afghanistan,<500 ,<200 , <500,<500 ,<200 , <500,<500 ,<200 , <500,<500 ,<200 , <500,<500 ,<200 , <500,<500 ,<200 , <1000,<500 ,<200 , <1000,<500 ,<200 , <1000,<500 ,<200 , <1000,45
Albania,... ,... , ...,... ,... , ...,... ,... , ...,... ,... , ...,... ,... , ...,... ,... , ...,... ,... , ...,... ,... , ...,... ,... , ...,...
Algeria,<200 ,<100 , <200,<200 ,<100 , <200,<200 ,<200 , <200,<200 ,<200 , <200,<200 ,<200 , <200,<200 ,<200 , <200,<200 ,<200 , <200,<200 ,<200 , <200,<200 ,<200 , <200,11
Angola,10 000 ,7300 , 13 000,11 000 ,7600 , 14 000,11 000 ,8000 , 15 000,12 000 ,8200 , 15 000,10 000 ,7500 , 14 000,10 000 ,7200 , 13 000,10 000 ,7300 , 14 000,12 000 ,8300 , 15 000,14 000 ,9500 , 18 000,33
Antigua and Barbuda,<100 ,<100 , <100,<100 ,<100 , <100,<100 ,<100 , <100,<100 ,<100 , <100,<100 ,<100 , <100,<100 ,<100 , <100,<100 ,<100 , <100,<100 ,<100 , <100,<100 ,<100 , <100,
Argentina,1600 ,1300 , 2000,1600 ,1300 , 2000,1500 ,1200 , 1900,1500 ,1200 , 1900,1500 ,1200 , 1900,1600 ,1200 , 2000,1700 ,1300 , 2100,1700 ,1300 , 2100,1700 ,1300 , 2100,3
Armenia,<200 ,<200 , <200,<200 ,<200 , <500,<200 ,<200 , <500,<200 ,<200 , <200,<200 ,<200 , <200,<200 ,<100 , <200,<200 ,<100 , <200,<200 ,<100 , <200,<200 ,<100 , <200,-28
Australia,<500 ,<200 , <500,<200 ,<200 , <500,<200 ,<200 , <500,<200 ,<200 , <500,<200 ,<200 , <500,<200 ,<200 , <500,<200 ,<200 , <500,<200 ,<200 , <500,<200 ,<200 , <500,-27
Austria,... ,... , ...,... ,... , ...,... ,... , ...,... ,... , ...,... ,... , ...,... ,... , ...,... ,... , ...,... ,... , ...,... ,... , ...,...
Azerbaijan,... ,... , ...,... ,... , ...,... ,... , ...,... ,... , ...,... ,... , ...,... ,... , ...,... ,... , ...,... ,... , ...,... ,... , ...,...
Bahamas,<200 ,<200 , <500,<200 ,<200 , <500,<500 ,<200 , <500,<500 ,<200 , <500,<500 ,<500 , <500,<500 ,<200 , <500,<500 ,<200 , <500,<500 ,<200 , <500,<200 ,<200 , <500,2
Bahrain,... ,... , ...,... ,... , ...,... ,... , ...,... ,... , ...,... ,... , ...,... ,... , ...,... ,... , ...,... ,... , ...,... ,... , ...,...
Bangladesh,<500 ,<500 , <500,<500 ,<500 , <500,<500 ,<500 , <500,<500 ,<500 , <500,<500 ,<500 , <500,<500 ,<500 , <1000,<500 ,<500 , <1000,<1000 ,<500 , <1000,<1000 ,<500 , <1000,110
Barbados,<100 ,<100 , <100,<100 ,<100 , <100,<100 ,<100 , <100,<100 ,<100 , <100,<100 ,<100 , <100,<100 ,<100 , <100,<100 ,<100 , <100,<100 ,<100 , <100,<100 ,<100 , <100,81
Belarus,<200 ,<100 , <500,<200 ,<100 , <500,<200 ,<100 , <500,<200 ,<200 , <500,<200 ,<200 , <500,<500 ,<200 , <500,<500 ,<200 , <500,<500 ,<200 , <500,<500 ,<200 , <500,22
Belgium,... ,... , ...,... ,... , ...,... ,... , ...,... ,... , ...,... ,... , ...,... ,... , ...,... ,... , ...,... ,... , ...,... ,... , ...,...
Belize,<200 ,<100 , <200,<200 ,<100 , <200,<200 ,<200 , <200,<200 ,<200 , <200,<200 ,<200 , <200,<200 ,<200 , <200,<200 ,<200 , <200,<200 ,<200 , <200,<200 ,<200 , <500,90
Benin,2000 ,<1000 , 4100,2000 ,<1000 , 4000,1900 ,<1000 , 4000,2000 ,<1000 , 4100,2200 ,1100 , 4600,2400 ,1200 , 4800,2200 ,1100 , 4500,2100 ,1000 , 4300,2200 ,1100 , 4400,8
Bhutan,<100 ,<100 , <500,<100 ,<100 , <500,<200 ,<100 , <500,<100 ,<100 , <500,<100 ,<100 , <500,<100 ,<100 , <500,<100 ,<100 , <500,<100 ,<100 , <200,<100 ,<100 , <200,-27
Bolivia (Plurinational State of),1600 ,1500 , 1800,1700 ,1500 , 1800,1600 ,1500 , 1800,1400 ,1200 , 1500,1200 ,1100 , 1400,1100 ,<1000 , 1200,<1000 ,<1000 , <1000,<1000 ,<1000 , <1000,<1000 ,<1000 , <1000,-59
Bosnia and Herzegovina,<100 ,<100 , <100,<100 ,<100 , <100,<100 ,<100 , <100,<100 ,<100 , <100,<100 ,<100 , <100,<100 ,<100 , <100,<100 ,<100 , <100,<100 ,<100 , <100,<100 ,<100 , <100,-33
Botswana,7300 ,6500 , 8000,6900 ,6200 , 7700,6300 ,5600 , 7100,5700 ,4900 , 6500,5300 ,4500 , 6100,5000 ,4300 , 5800,5200 ,4400 , 6100,5000 ,4300 , 5800,4800 ,4100 , 5700,-33
Brazil,15 000 ,11 000 , 19 000,15 000 ,12 000 , 20 000,16 000 ,12 000 , 20 000,16 000 ,12 000 , 20 000,16 000 ,12 000 , 20 000,16 000 ,12 000 , 21 000,16 000 ,12 000 , 20 000,15 000 ,11 000 , 19 000,15 000 ,11 000 , 19 000,1
Brunei Darussalam,... ,... , ...,... ,... , ...,... ,... , ...,... ,... , ...,... ,... , ...,... ,... , ...,... ,... , ...,... ,... , ...,... ,... , ...,...
Bulgaria,<100 ,<100 , <100,<100 ,<100 , <100,<100 ,<100 , <100,<100 ,<100 , <100,<100 ,<100 , <100,<100 ,<100 , <100,<100 ,<100 , <100,<100 ,<100 , <100,<100 ,<100 , <100,76
Burkina Faso,4800 ,3600 , 6300,4400 ,3300 , 5800,4100 ,3000 , 5400,4200 ,3100 , 5700,4300 ,3100 , 5700,4000 ,2900 , 5300,3900 ,2900 , 5200,3600 ,2700 , 4800,3300 ,2400 , 4400,-32
Burundi,5200 ,4100 , 6400,4400 ,3400 , 5500,3800 ,2900 , 4900,3400 ,2600 , 4400,3300 ,2500 , 4300,3000 ,2300 , 3900,2500 ,1900 , 3300,2200 ,1700 , 2800,1900 ,1400 , 2500,-64
Cabo Verde,<100 ,<100 , <100,<100 ,<100 , <100,<100 ,<100 , <100,<100 ,<100 , <100,<100 ,<100 , <100,<100 ,<100 , <100,<100 ,<100 , <100,<100 ,<100 , <100,<100 ,<100 , <100,-38
Cambodia,2500 ,1900 , 3400,1900 ,1400 , 2700,1700 ,1200 , 2500,1600 ,1100 , 2400,1600 ,1100 , 2400,1500 ,1100 , 2400,1500 ,1000 , 2300,1400 ,<1000 , 2100,1300 ,<1000 , 1900,-48
Cameroon,22 000 ,19 000 , 25 000,22 000 ,19 000 , 25 000,22 000 ,19 000 , 25 000,23 000 ,20 000 , 26 000,25 000 ,22 000 , 28 000,26 000 ,23 000 , 29 000,24 000 ,21 000 , 27 000,21 000 ,19 000 , 25 000,18 000 ,15 000 , 21 000,-19
Canada,... ,... , ...,... ,... , ...,... ,... , ...,... ,... , ...,... ,... , ...,... ,... , ...,... ,... , ...,... ,... , ...,... ,... , ...,...
Central African Republic,7800 ,6400 , 9400,7800 ,6200 , 9300,8100 ,6500 , 9600,8000 ,6400 , 9400,7700 ,6300 , 9200,6300 ,5100 , 7700,5500 ,4300 , 6900,4800 ,3700 , 6300,4800 ,3700 , 6400,-38
Chad,3500 ,2600 , 4800,3300 ,2400 , 4500,3200 ,2200 , 4500,3200 ,2200 , 4500,3200 ,2200 , 4500,3200 ,2200 , 4500,3100 ,2100 , 4300,3000 ,2000 , 4200,3100 ,2000 , 4500,-12
Chile,... ,... , ...,... ,... , ...,... ,... , ...,... ,... , ...,... ,... , ...,... ,... , ...,... ,... , ...,... ,... , ...,<1000 ,<500 , <1000,41
China,... ,... , ...,... ,... , ...,... ,... , ...,... ,... , ...,... ,... , ...,... ,... , ...,... ,... , ...,... ,... , ...,... ,... , ...,...
Colombia,... ,... , ...,... ,... , ...,... ,... , ...,... ,... , ...,... ,... , ...,... ,... , ...,... ,... , ...,... ,... , ...,... ,... , ...,...
Comoros,<100 ,<100 , <100,<100 ,<100 , <100,<100 ,<100 , <100,<100 ,<100 , <100,<100 ,<100 , <100,<100 ,<100 , <100,<100 ,<100 , <100,<100 ,<100 , <100,<100 ,<100 , <100,
Congo,3900 ,3100 , 4800,3800 ,3000 , 4700,3600 ,2700 , 4500,4000 ,3000 , 5000,4200 ,3200 , 5400,4500 ,3400 , 5700,3900 ,2900 , 5100,3900 ,2800 , 5200,4000 ,2800 , 5400,
Costa Rica,<500 ,<200 , <500,<500 ,<200 , <500,<200 ,<200 , <500,<200 ,<200 , <500,<500 ,<200 , <500,<500 ,<200 , <500,<500 ,<200 , <500,<500 ,<200 , <500,<500 ,<200 , <500,-4
Croatia,<100 ,<100 , <100,<100 ,<100 , <100,<100 ,<100 , <100,<100 ,<100 , <100,<100 ,<100 , <100,<100 ,<100 , <100,<100 ,<100 , <100,<100 ,<100 , <100,<100 ,<100 , <100,-11
Cuba,<500 ,<200 , <500,<500 ,<200 , <500,<500 ,<200 , <500,<500 ,<200 , <500,<500 ,<200 , <500,<500 ,<500 , <1000,<500 ,<500 , <1000,<500 ,<500 , <1000,<500 ,<500 , <1000,53
Cyprus,... ,... , ...,... ,... , ...,... ,... , ...,... ,... , ...,... ,... , ...,... ,... , ...,... ,... , ...,... ,... , ...,... ,... , ...,...
Czechia,<100 ,<100 , <100,<100 ,<100 , <100,<100 ,<100 , <100,<100 ,<100 , <100,<100 ,<100 , <100,<100 ,<100 , <100,<100 ,<100 , <100,<100 ,<100 , <100,<100 ,<100 , <100,83
CÃ´te d'Ivoire,24 000 ,17 000 , 34 000,21 000 ,15 000 , 30 000,20 000 ,14 000 , 29 000,21 000 ,15 000 , 30 000,22 000 ,16 000 , 32 000,22 000 ,16 000 , 32 000,21 000 ,15 000 , 30 000,19 000 ,13 000 , 27 000,16 000 ,11 000 , 23 000,-34
Democratic People's Republic of Korea,... ,... , ...,... ,... , ...,... ,... , ...,... ,... , ...,... ,... , ...,... ,... , ...,... ,... , ...,... ,... , ...,... ,... , ...,...
Democratic Republic of the Congo,34 000 ,27 000 , 40 000,32 000 ,26 000 , 38 000,31 000 ,25 000 , 37 000,28 000 ,22 000 , 33 000,26 000 ,20 000 , 31 000,23 000 ,18 000 , 29 000,20 000 ,15 000 , 25 000,17 000 ,13 000 , 22 000,13 000 ,10 000 , 17 000,-60
Denmark,<100 ,<100 , <100,<100 ,<100 , <100,<100 ,<100 , <100,<100 ,<100 , <100,<100 ,<100 , <100,<100 ,<100 , <100,<100 ,<100 , <100,<100 ,<100 , <100,<100 ,<100 , <100,-35
Djibouti,<1000 ,<1000 , <1000,<1000 ,<1000 , <1000,<1000 ,<1000 , <1000,<1000 ,<500 , <1000,<1000 ,<500 , <1000,<1000 ,<500 , <1000,<500 ,<500 , <1000,<500 ,<500 , <1000,<500 ,<500 , <1000,-34
Dominica,<100 ,<100 , <100,<100 ,<100 , <100,<100 ,<100 , <100,<100 ,<100 , <100,<100 ,<100 , <100,<100 ,<100 , <100,<100 ,<100 , <100,<100 ,<100 , <100,<100 ,<100 , <100,
Dominican Republic,3000 ,2100 , 4300,2800 ,2000 , 3900,2700 ,1900 , 3700,2500 ,1800 , 3500,2400 ,1700 , 3400,2100 ,1500 , 3000,1700 ,1200 , 2500,1400 ,<1000 , 2100,1200 ,<1000 , 1900,-60
Ecuador,1100 ,<1000 , 2200,1000 ,<500 , 2100,<1000 ,<500 , 2000,1100 ,<500 , 2300,1300 ,<1000 , 2700,1100 ,<1000 , 2400,<1000 ,<500 , 2000,<1000 ,<500 , 1600,<1000 ,<500 , 1500,-44
Egypt,<200 ,<200 , <500,<500 ,<200 , <500,<500 ,<200 , <500,<500 ,<500 , <500,<500 ,<500 , <500,<500 ,<500 , <500,<500 ,<500 , <500,<500 ,<500 , <500,<500 ,<500 , <1000,107
El Salvador,<500 ,<500 , <1000,<500 ,<500 , <1000,<500 ,<500 , <1000,<1000 ,<500 , <1000,<1000 ,<500 , <1000,<1000 ,<500 , <1000,<1000 ,<500 , <1000,<1000 ,<500 , <1000,<1000 ,<500 , <1000,41
Equatorial Guinea,1400 ,<1000 , 1900,1600 ,1100 , 2100,1800 ,1300 , 2300,1800 ,1300 , 2400,1500 ,1100 , 2100,1600 ,1100 , 2300,1900 ,1300 , 2600,2000 ,1400 , 2700,1800 ,1200 , 2600,31
Eritrea,<1000 ,<500 , <1000,<1000 ,<500 , <1000,<1000 ,<500 , <1000,<1000 ,<500 , <1000,<500 ,<500 , <1000,<500 ,<500 , <1000,<500 ,<500 , <1000,<500 ,<500 , <1000,<500 ,<500 , <1000,-21
Estonia,<200 ,<200 , <200,<200 ,<100 , <200,<100 ,<100 , <200,<100 ,<100 , <200,<100 ,<100 , <200,<100 ,<100 , <200,<100 ,<100 , <200,<100 ,<100 , <200,<100 ,<100 , <200,-50
Eswatini,3800 ,3400 , 4200,3300 ,2900 , 3700,2800 ,2500 , 3200,2700 ,2400 , 3100,2700 ,2400 , 3100,2600 ,2300 , 3000,2600 ,2300 , 3100,2600 ,2200 , 3000,2400 ,2000 , 2900,-35
Ethiopia,20 000 ,12 000 , 35 000,17 000 ,11 000 , 30 000,15 000 ,9300 , 27 000,14 000 ,8400 , 24 000,13 000 ,8100 , 23 000,13 000 ,7800 , 22 000,12 000 ,7400 , 21 000,12 000 ,7100 , 20 000,11 000 ,6800 , 19 000,-45
Fiji,... ,... , ...,... ,... , ...,... ,... , ...,... ,... , ...,... ,... , ...,... ,... , ...,... ,... , ...,... ,... , ...,... ,... , ...,...
Finland,<100 ,<100 , <100,<100 ,<100 , <100,<100 ,<100 , <100,<100 ,<100 , <100,<100 ,<100 , <100,<100 ,<100 , <100,<100 ,<100 , <100,<100 ,<100 , <100,<100 ,<100 , <100,-14
France,<1000 ,<500 , <1000,<1000 ,<500 , <1000,<500 ,<500 , <1000,<500 ,<500 , <1000,<500 ,<500 , <500,<500 ,<500 , <1000,<500 ,<500 , <1000,<500 ,<500 , <1000,<500 ,<500 , <1000,-34
Gabon,1600 ,1100 , 2100,1700 ,1200 , 2200,1600 ,1200 , 2200,1400 ,<1000 , 1900,1300 ,<1000 , 1800,1200 ,<1000 , 1700,1100 ,<1000 , 1700,1100 ,<1000 , 1600,1200 ,<1000 , 1700,-28
Gambia,<1000 ,<1000 , 1400,<1000 ,<1000 , 1200,<1000 ,<500 , 1100,<1000 ,<500 , 1100,<1000 ,<1000 , 1200,<1000 ,<1000 , 1300,<1000 ,<1000 , 1400,<1000 ,<1000 , 1400,<1000 ,<1000 , 1400,2
Georgia,<100 ,<100 , <100,<100 ,<100 , <200,<100 ,<100 , <200,<100 ,<100 , <200,<200 ,<100 , <200,<200 ,<100 , <500,<200 ,<200 , <500,<500 ,<200 , <500,<500 ,<200 , <500,297
Germany,<500 ,<500 , <1000,<500 ,<500 , <1000,<500 ,<500 , <1000,<500 ,<500 , <1000,<500 ,<500 , <1000,<500 ,<500 , <1000,<500 ,<500 , <1000,<500 ,<500 , <1000,<500 ,<500 , <1000,-12
Ghana,17 000 ,14 000 , 19 000,15 000 ,13 000 , 18 000,13 000 ,11 000 , 16 000,13 000 ,10 000 , 16 000,14 000 ,11 000 , 17 000,14 000 ,11 000 , 17 000,14 000 ,11 000 , 17 000,14 000 ,11 000 , 18 000,14 000 ,11 000 , 18 000,-14
Greece,... ,... , ...,... ,... , ...,... ,... , ...,... ,... , ...,... ,... , ...,... ,... , ...,... ,... , ...,... ,... , ...,... ,... , ...,...
Grenada,<100 ,<100 , <100,<100 ,<100 , <100,<100 ,<100 , <100,<100 ,<100 , <100,<100 ,<100 , <100,<100 ,<100 , <100,<100 ,<100 , <100,<100 ,<100 , <100,<100 ,<100 , <100,
Guatemala,1700 ,1500 , 1900,1800 ,1600 , 2100,1900 ,1700 , 2200,1900 ,1700 , 2200,2000 ,1800 , 2200,2200 ,2000 , 2400,2400 ,2200 , 2600,2300 ,2100 , 2400,2200 ,2000 , 2400,30
Guinea,4100 ,3300 , 5000,3800 ,3000 , 4700,3700 ,3000 , 4600,3500 ,2700 , 4400,3800 ,2900 , 4700,4100 ,3200 , 5200,4300 ,3400 , 5400,4400 ,3500 , 5500,4300 ,3300 , 5400,4
Guinea-Bissau,1900 ,1500 , 2200,1900 ,1500 , 2300,1800 ,1500 , 2200,1700 ,1400 , 2000,1800 ,1400 , 2100,1900 ,1500 , 2200,1900 ,1500 , 2200,1700 ,1400 , 2000,1800 ,1400 , 2100,-6
Guyana,<100 ,<100 , <200,<100 ,<100 , <200,<100 ,<100 , <200,<100 ,<100 , <200,<100 ,<100 , <200,<100 ,<100 , <200,<200 ,<100 , <200,<200 ,<100 , <200,<200 ,<100 , <200,36
Haiti,4900 ,3800 , 6600,5100 ,3900 , 6900,5000 ,3800 , 6600,4600 ,3600 , 6100,4000 ,3200 , 5300,3700 ,3000 , 5000,3600 ,2900 , 4800,3100 ,2600 , 4200,2700 ,2200 , 3600,-45
Honduras,1400 ,<1000 , 1800,1300 ,<1000 , 1700,1200 ,<1000 , 1600,1100 ,<1000 , 1500,1000 ,<1000 , 1400,1000 ,<1000 , 1400,<1000 ,<1000 , 1300,<1000 ,<1000 , 1200,<1000 ,<1000 , 1100,-43
Hungary,<100 ,<100 , <100,<100 ,<100 , <100,<100 ,<100 , <100,<100 ,<100 , <100,<100 ,<100 , <100,<100 ,<100 , <100,<100 ,<100 , <100,<100 ,<100 , <100,<100 ,<100 , <100,4
Iceland,<100 ,<100 , <100,<100 ,<100 , <100,<100 ,<100 , <100,<100 ,<100 , <100,<100 ,<100 , <100,<100 ,<100 , <100,<100 ,<100 , <100,<100 ,<100 , <100,<100 ,<100 , <100,
India,... ,... , ...,... ,... , ...,... ,... , ...,... ,... , ...,... ,... , ...,... ,... , ...,... ,... , ...,... ,... , ...,... ,... , ...,...
Indonesia,24 000 ,19 000 , 28 000,28 000 ,23 000 , 33 000,31 000 ,26 000 , 36 000,34 000 ,29 000 , 39 000,37 000 ,32 000 , 42 000,37 000 ,32 000 , 42 000,38 000 ,33 000 , 42 000,38 000 ,33 000 , 43 000,38 000 ,33 000 , 43 000,60
Iran (Islamic Republic of),2400 ,1700 , 3500,2600 ,1800 , 3700,2700 ,1900 , 3700,2700 ,1900 , 3900,2700 ,1800 , 4000,2700 ,1800 , 4200,2700 ,1700 , 4400,2600 ,1500 , 4600,2600 ,1400 , 5100,8
Ireland,<100 ,<100 , <100,<100 ,<100 , <100,<100 ,<100 , <100,<100 ,<100 , <100,<100 ,<100 , <100,<100 ,<100 , <100,<100 ,<100 , <100,<100 ,<100 , <100,<100 ,<100 , <100,-25
Israel,<100 ,<100 , <100,<100 ,<100 , <100,<100 ,<100 , <100,<100 ,<100 , <100,<100 ,<100 , <100,<100 ,<100 , <100,<100 ,<100 , <100,<100 ,<100 , <100,<100 ,<100 , <100,4
Italy,<1000 ,<1000 , 1100,<1000 ,<1000 , 1000,<1000 ,<1000 , <1000,<1000 ,<1000 , <1000,<1000 ,<1000 , <1000,<1000 ,<1000 , <1000,<1000 ,<1000 , <1000,<1000 ,<1000 , <1000,<1000 ,<1000 , <1000,-15
Jamaica,... ,... , ...,... ,... , ...,... ,... , ...,... ,... , ...,... ,... , ...,... ,... , ...,... ,... , ...,... ,... , ...,... ,... , ...,...
Japan,... ,... , ...,... ,... , ...,... ,... , ...,... ,... , ...,... ,... , ...,... ,... , ...,... ,... , ...,... ,... , ...,... ,... , ...,...
Jordan,<100 ,<100 , <100,<100 ,<100 , <100,<100 ,<100 , <100,<100 ,<100 , <100,<100 ,<100 , <100,<100 ,<100 , <100,<100 ,<100 , <100,<100 ,<100 , <100,<100 ,<100 , <100,100
Kazakhstan,<500 ,<500 , <500,<500 ,<500 , <500,<500 ,<500 , <500,<500 ,<500 , <500,<500 ,<500 , <1000,<500 ,<500 , <1000,<500 ,<500 , <1000,<500 ,<500 , <1000,<500 ,<500 , <1000,56
Kenya,56 000 ,41 000 , 86 000,50 000 ,36 000 , 76 000,44 000 ,32 000 , 67 000,40 000 ,29 000 , 62 000,40 000 ,29 000 , 61 000,38 000 ,27 000 , 57 000,32 000 ,23 000 , 49 000,28 000 ,20 000 , 43 000,25 000 ,18 000 , 38 000,-55
Kuwait,<100 ,<100 , <100,<100 ,<100 , <100,<100 ,<100 , <100,<100 ,<100 , <100,<100 ,<100 , <100,<100 ,<100 , <100,<100 ,<100 , <100,<100 ,<100 , <100,<100 ,<100 , <100,120
Kyrgyzstan,<200 ,<100 , <200,<200 ,<100 , <500,<200 ,<200 , <500,<200 ,<200 , <500,<200 ,<100 , <500,<200 ,<100 , <500,<200 ,<100 , <500,<200 ,<100 , <500,<200 ,<200 , <500,55
Lao People's Democratic Republic,<500 ,<500 , <500,<500 ,<500 , <1000,<500 ,<500 , <1000,<500 ,<500 , <1000,<500 ,<500 , <1000,<500 ,<500 , <500,<500 ,<500 , <500,<500 ,<500 , <500,<500 ,<500 , <500,-17
Latvia,<200 ,<200 , <200,<200 ,<200 , <200,<200 ,<200 , <200,<200 ,<200 , <200,<200 ,<200 , <500,<200 ,<200 , <500,<200 ,<200 , <200,<100 ,<100 , <100,<100 ,<100 , <100,-65
Lebanon,<100 ,<100 , <100,<100 ,<100 , <100,<100 ,<100 , <100,<100 ,<100 , <100,<100 ,<100 , <100,<100 ,<100 , <100,<100 ,<100 , <100,<100 ,<100 , <100,<100 ,<100 , <100,-8
Lesotho,7200 ,5600 , 10 000,6500 ,5000 , 9100,6500 ,5000 , 9300,7000 ,5400 , 9900,7300 ,5700 , 10 000,8200 ,6600 , 11 000,7900 ,6300 , 10 000,6800 ,5600 , 8800,6100 ,5000 , 7600,-16
Liberia,2700 ,2600 , 2900,2400 ,2300 , 2600,2300 ,2100 , 2500,2300 ,2100 , 2500,2300 ,2100 , 2500,2300 ,2100 , 2500,2400 ,2200 , 2500,2200 ,2000 , 2300,1800 ,1700 , 1900,-34
Libya,<100 ,<100 , <200,<100 ,<100 , <200,<100 ,<100 , <200,<200 ,<100 , <200,<200 ,<100 , <200,<200 ,<100 , <200,<200 ,<100 , <200,<200 ,<200 , <200,<200 ,<200 , <200,57
Lithuania,... ,... , ...,... ,... , ...,... ,... , ...,... ,... , ...,... ,... , ...,... ,... , ...,... ,... , ...,... ,... , ...,... ,... , ...,...
Luxembourg,<100 ,<100 , <100,<100 ,<100 , <100,<100 ,<100 , <100,<100 ,<100 , <100,<100 ,<100 , <100,<100 ,<100 , <100,<100 ,<100 , <100,<100 ,<100 , <100,<100 ,<100 , <100,-14
Madagascar,1400 ,1000 , 1700,1400 ,1100 , 1700,1400 ,1100 , 1700,1500 ,1200 , 1800,1500 ,1200 , 1900,1600 ,1200 , 2000,1600 ,1200 , 2000,1600 ,1200 , 2200,1700 ,1200 , 2300,22
Malawi,29 000 ,25 000 , 33 000,26 000 ,22 000 , 30 000,22 000 ,19 000 , 26 000,18 000 ,15 000 , 22 000,16 000 ,13 000 , 19 000,14 000 ,12 000 , 18 000,14 000 ,11 000 , 17 000,14 000 ,11 000 , 17 000,13 000 ,11 000 , 16 000,-55
Malaysia,2900 ,2400 , 3300,3000 ,2500 , 3500,3200 ,2700 , 3600,3500 ,3000 , 4000,3700 ,3200 , 4200,3600 ,3100 , 4100,3300 ,2700 , 3800,2700 ,2200 , 3300,2600 ,2100 , 3300,-9
Maldives,... ,... , ...,... ,... , ...,... ,... , ...,... ,... , ...,... ,... , ...,... ,... , ...,... ,... , ...,... ,... , ...,... ,... , ...,...
Mali,5300 ,4100 , 6700,5000 ,3800 , 6400,4700 ,3600 , 6100,5300 ,3900 , 6900,6000 ,4400 , 7800,6500 ,4800 , 8400,6500 ,4900 , 8500,6500 ,5000 , 8600,6500 ,5000 , 8700,24
Malta,... ,... , ...,... ,... , ...,... ,... , ...,... ,... , ...,... ,... , ...,... ,... , ...,... ,... , ...,... ,... , ...,... ,... , ...,...
Mauritania,<500 ,<500 , <500,<500 ,<500 , <500,<500 ,<500 , <500,<500 ,<500 , <500,<500 ,<500 , <500,<500 ,<500 , <500,<500 ,<500 , <500,<500 ,<200 , <500,<500 ,<200 , <500,-25
Mauritius,<500 ,<500 , <1000,<500 ,<500 , <1000,<500 ,<500 , <1000,<500 ,<500 , <1000,<500 ,<500 , <1000,<500 ,<500 , <1000,<500 ,<500 , <1000,<1000 ,<500 , <1000,<1000 ,<500 , <1000,25
Mexico,... ,... , ...,... ,... , ...,... ,... , ...,... ,... , ...,... ,... , ...,... ,... , ...,... ,... , ...,... ,... , ...,... ,... , ...,...
Mongolia,<100 ,<100 , <100,<100 ,<100 , <100,<100 ,<100 , <100,<100 ,<100 , <100,<100 ,<100 , <100,<100 ,<100 , <100,<100 ,<100 , <100,<100 ,<100 , <100,<100 ,<100 , <100,31
Montenegro,<100 ,<100 , <100,<100 ,<100 , <100,<100 ,<100 , <100,<100 ,<100 , <100,<100 ,<100 , <100,<100 ,<100 , <100,<100 ,<100 , <100,<100 ,<100 , <100,<100 ,<100 , <100,100
Morocco,<1000 ,<500 , <1000,<1000 ,<500 , <1000,<1000 ,<500 , <1000,<500 ,<500 , <1000,<500 ,<500 , <1000,<500 ,<500 , <1000,<500 ,<500 , <1000,<500 ,<500 , <1000,<500 ,<500 , <1000,-40
Mozambique,64 000 ,46 000 , 87 000,64 000 ,46 000 , 87 000,66 000 ,47 000 , 89 000,66 000 ,48 000 , 90 000,65 000 ,47 000 , 88 000,59 000 ,42 000 , 80 000,56 000 ,40 000 , 76 000,55 000 ,39 000 , 74 000,54 000 ,39 000 , 73 000,-16
Myanmar,11 000 ,9600 , 13 000,11 000 ,9400 , 13 000,11 000 ,8800 , 13 000,10 000 ,8200 , 12 000,9800 ,7900 , 12 000,9500 ,7400 , 12 000,9000 ,6800 , 12 000,8400 ,6200 , 11 000,7800 ,5900 , 11 000,-30
Namibia,3500 ,3000 , 3900,3400 ,2900 , 3800,3000 ,2600 , 3400,2800 ,2500 , 3200,2600 ,2300 , 3000,2500 ,2200 , 3000,2600 ,2200 , 3000,2600 ,2200 , 3000,2700 ,2300 , 3200,-22
Nepal,1400 ,1200 , 1700,1400 ,1200 , 1700,1300 ,1100 , 1600,1300 ,1000 , 1500,1200 ,1000 , 1500,1100 ,<1000 , 1400,1100 ,<1000 , 1400,1000 ,<1000 , 1300,<1000 ,<1000 , 1200,-37
Netherlands,<200 ,<200 , <500,<200 ,<200 , <500,<200 ,<200 , <500,<200 ,<200 , <500,<200 ,<200 , <500,<200 ,<200 , <500,<200 ,<200 , <500,<200 ,<200 , <500,... ,... , ...,...
New Zealand,<100 ,<100 , <100,<100 ,<100 , <100,<100 ,<100 , <100,<100 ,<100 , <100,<100 ,<100 , <100,<100 ,<100 , <100,<100 ,<100 , <100,<100 ,<100 , <100,<100 ,<100 , <100,-13
Nicaragua,<500 ,<200 , <500,<500 ,<200 , <500,<500 ,<200 , <500,<500 ,<200 , <500,<500 ,<200 , <500,<500 ,<200 , <500,<200 ,<200 , <500,<200 ,<200 , <500,<200 ,<200 , <500,-31
Niger,1700 ,1300 , 2100,1600 ,1200 , 2000,1400 ,1100 , 1800,1300 ,<1000 , 1700,1300 ,<1000 , 1700,1500 ,1200 , 2000,1600 ,1300 , 2200,1500 ,1100 , 2000,1200 ,<1000 , 1700,-26
Nigeria,72 000 ,42 000 , 120 000,72 000 ,42 000 , 120 000,70 000 ,41 000 , 120 000,63 000 ,37 000 , 100 000,55 000 ,32 000 , 92 000,51 000 ,30 000 , 85 000,50 000 ,29 000 , 84 000,51 000 ,30 000 , 85 000,53 000 ,31 000 , 89 000,-26
North Macedonia,<100 ,<100 , <100,<100 ,<100 , <100,<100 ,<100 , <100,<100 ,<100 , <100,<100 ,<100 , <100,<100 ,<100 , <100,<100 ,<100 , <100,<100 ,<100 , <100,<100 ,<100 , <100,-25
Norway,<100 ,<100 , <100,<100 ,<100 , <100,<100 ,<100 , <100,<100 ,<100 , <100,<100 ,<100 , <100,<100 ,<100 , <100,<100 ,<100 , <100,<100 ,<100 , <100,<100 ,<100 , <100,-20
Oman,<100 ,<100 , <100,<100 ,<100 , <100,<100 ,<100 , <100,<100 ,<100 , <100,<100 ,<100 , <100,<100 ,<100 , <100,<100 ,<100 , <100,<100 ,<100 , <100,<100 ,<100 , <100,18
Pakistan,1400 ,<1000 , 1900,1900 ,1300 , 2500,2600 ,1900 , 3400,3300 ,2400 , 4100,4100 ,3200 , 5100,4700 ,3700 , 5800,5400 ,4300 , 6500,6000 ,4800 , 7100,6400 ,5200 , 7600,369
Panama,<500 ,<500 , <1000,<1000 ,<500 , <1000,<1000 ,<500 , <1000,<1000 ,<500 , <1000,<1000 ,<500 , <1000,<1000 ,<500 , <1000,<1000 ,<500 , <1000,<1000 ,<500 , <1000,<500 ,<500 , <1000,-9
Papua New Guinea,... ,... , ...,... ,... , ...,... ,... , ...,... ,... , ...,... ,... , ...,... ,... , ...,... ,... , ...,... ,... , ...,... ,... , ...,...
Paraguay,<1000 ,<1000 , 1200,<1000 ,<1000 , 1100,<1000 ,<1000 , 1300,<1000 ,<1000 , 1300,<1000 ,<1000 , 1300,<1000 ,<1000 , 1300,<1000 ,<1000 , 1500,<1000 ,<1000 , 1600,<1000 ,<500 , 1200,-10
Peru,2100 ,1400 , 3300,1500 ,<1000 , 2500,1400 ,<1000 , 2500,1300 ,<1000 , 2300,1300 ,<1000 , 2500,1300 ,<1000 , 2400,1500 ,<1000 , 2700,1200 ,<1000 , 2300,1000 ,<1000 , 1900,-50
Philippines,<500 ,<200 , <500,<500 ,<500 , <1000,<500 ,<500 , <1000,<1000 ,<500 , <1000,<1000 ,<500 , <1000,<1000 ,<500 , 1100,<1000 ,<1000 , 1300,1000 ,<1000 , 1500,1200 ,<1000 , 1700,285
Poland,... ,... , ...,... ,... , ...,... ,... , ...,... ,... , ...,... ,... , ...,... ,... , ...,... ,... , ...,... ,... , ...,... ,... , ...,...
Portugal,<1000 ,<1000 , 1200,<1000 ,<1000 , 1100,<1000 ,<1000 , <1000,<1000 ,<1000 , <1000,<1000 ,<1000 , <1000,<1000 ,<500 , <1000,<1000 ,<500 , <1000,<1000 ,<500 , <1000,<500 ,<500 , <500,-62
Qatar,... ,... , ...,... ,... , ...,... ,... , ...,... ,... , ...,... ,... , ...,... ,... , ...,... ,... , ...,... ,... , ...,... ,... , ...,...
Republic of Korea,... ,... , ...,... ,... , ...,... ,... , ...,... ,... , ...,... ,... , ...,... ,... , ...,... ,... , ...,... ,... , ...,... ,... , ...,...
Republic of Moldova,<1000 ,<1000 , 1100,<1000 ,<1000 , 1100,<1000 ,<1000 , 1100,<1000 ,<1000 , 1100,<1000 ,<1000 , 1100,<1000 ,<500 , 1100,<1000 ,<500 , <1000,<1000 ,<500 , <1000,<1000 ,<500 , <1000,-23
Romania,<200 ,<100 , <200,<200 ,<100 , <200,<200 ,<100 , <200,<200 ,<200 , <200,<200 ,<100 , <200,<200 ,<100 , <200,<200 ,<100 , <200,<200 ,<100 , <200,<200 ,<100 , <200,8
Russian Federation,... ,... , ...,... ,... , ...,... ,... , ...,... ,... , ...,... ,... , ...,... ,... , ...,... ,... , ...,... ,... , ...,... ,... , ...,...
Rwanda,5700 ,4700 , 7100,5000 ,4000 , 6200,4500 ,3600 , 5600,4100 ,3200 , 5100,3700 ,2900 , 4500,3400 ,2700 , 4200,3200 ,2600 , 3900,3100 ,2500 , 3800,2900 ,2400 , 3500,-50
Saint Kitts and Nevis,<100 ,<100 , <100,<100 ,<100 , <100,<100 ,<100 , <100,<100 ,<100 , <100,<100 ,<100 , <100,<100 ,<100 , <100,<100 ,<100 , <100,<100 ,<100 , <100,<100 ,<100 , <100,
Saint Lucia,<100 ,<100 , <100,<100 ,<100 , <100,<100 ,<100 , <100,<100 ,<100 , <100,<100 ,<100 , <100,<100 ,<100 , <100,<100 ,<100 , <100,<100 ,<100 , <100,<100 ,<100 , <100,
Saint Vincent and the Grenadines,<100 ,<100 , <100,<100 ,<100 , <100,<100 ,<100 , <100,<100 ,<100 , <100,<100 ,<100 , <100,<100 ,<100 , <100,<100 ,<100 , <100,<100 ,<100 , <100,<100 ,<100 , <100,
Sao Tome and Principe,<200 ,<100 , <200,<100 ,<100 , <200,<100 ,<100 , <200,<100 ,<100 , <200,<100 ,<100 , <100,<100 ,<100 , <100,<100 ,<100 , <100,<100 ,<100 , <100,<100 ,<100 , <100,
Saudi Arabia,... ,... , ...,... ,... , ...,... ,... , ...,... ,... , ...,... ,... , ...,... ,... , ...,... ,... , ...,... ,... , ...,... ,... , ...,...
Senegal,1300 ,<1000 , 1800,1400 ,1000 , 1800,1400 ,1100 , 1900,1600 ,1200 , 2100,1800 ,1400 , 2300,1700 ,1300 , 2200,1600 ,1200 , 2000,1400 ,1200 , 1800,1300 ,1000 , 1600,-4
Serbia,<100 ,<100 , <100,<100 ,<100 , <100,<100 ,<100 , <100,<100 ,<100 , <100,<100 ,<100 , <100,<100 ,<100 , <100,<100 ,<100 , <100,<100 ,<100 , <100,<100 ,<100 , <100,64
Sierra Leone,2900 ,2400 , 3600,2700 ,2200 , 3400,2500 ,2000 , 3200,2500 ,1900 , 3200,2700 ,2100 , 3500,2800 ,2200 , 3500,2700 ,2100 , 3400,2400 ,1900 , 3100,2100 ,1600 , 2800,-27
Singapore,<100 ,<100 , <200,<100 ,<100 , <100,<100 ,<100 , <100,<100 ,<100 , <100,<100 ,<100 , <100,<100 ,<100 , <100,<100 ,<100 , <100,<100 ,<100 , <100,<100 ,<100 , <100,-40
Slovakia,<100 ,<100 , <100,<100 ,<100 , <100,<100 ,<100 , <100,<100 ,<100 , <100,<100 ,<100 , <100,<100 ,<100 , <100,<100 ,<100 , <100,<100 ,<100 , <100,<100 ,<100 , <100,50
Slovenia,<100 ,<100 , <100,<100 ,<100 , <100,<100 ,<100 , <100,<100 ,<100 , <100,<100 ,<100 , <100,<100 ,<100 , <100,<100 ,<100 , <100,<100 ,<100 , <100,<100 ,<100 , <100,29
Somalia,1400 ,1200 , 1700,1300 ,1100 , 1500,1200 ,1100 , 1500,1100 ,<1000 , 1400,1100 ,<1000 , 1300,1000 ,<1000 , 1300,<1000 ,<1000 , 1200,<1000 ,<1000 , 1100,<1000 ,<1000 , 1000,-49
South Africa,140 000 ,110 000 , 170 000,120 000 ,99 000 , 150 000,100 000 ,81 000 , 120 000,88 000 ,70 000 , 110 000,80 000 ,63 000 , 100 000,75 000 ,58 000 , 96 000,74 000 ,55 000 , 95 000,71 000 ,53 000 , 92 000,71 000 ,52 000 , 91 000,-50
South Sudan,9800 ,7300 , 13 000,10 000 ,7800 , 13 000,10 000 ,8000 , 13 000,11 000 ,8000 , 13 000,10 000 ,7700 , 13 000,9800 ,7200 , 12 000,9300 ,6600 , 12 000,10 000 ,7000 , 13 000,9900 ,6900 , 13 000,
Spain,1300 ,1100 , 1700,1200 ,<1000 , 1600,1100 ,<1000 , 1500,1100 ,<1000 , 1500,1100 ,<1000 , 1500,1200 ,<1000 , 1500,1200 ,<1000 , 1600,1000 ,<1000 , 1400,... ,... , ...,...
Sri Lanka,<500 ,<200 , <500,<500 ,<200 , <500,<500 ,<500 , <500,<500 ,<500 , <500,<500 ,<500 , <500,<500 ,<200 , <500,<500 ,<200 , <500,<200 ,<200 , <500,<200 ,<200 , <500,-25
Sudan,1900 ,1300 , 2600,2200 ,1600 , 2900,2500 ,1900 , 3300,2600 ,2000 , 3500,2800 ,2000 , 4000,3000 ,2100 , 4500,2900 ,1900 , 4600,2800 ,1600 , 4800,2900 ,1400 , 5200,52
Suriname,<200 ,<100 , <500,<200 ,<100 , <500,<200 ,<100 , <500,<200 ,<100 , <500,<200 ,<100 , <500,<200 ,<100 , <500,<200 ,<100 , <500,<100 ,<100 , <200,<100 ,<100 , <200,-37
Sweden,... ,... , ...,... ,... , ...,... ,... , ...,... ,... , ...,... ,... , ...,... ,... , ...,... ,... , ...,... ,... , ...,... ,... , ...,...
Switzerland,... ,... , ...,... ,... , ...,... ,... , ...,... ,... , ...,... ,... , ...,... ,... , ...,... ,... , ...,... ,... , ...,... ,... , ...,...
Syrian Arab Republic,<100 ,<100 , <100,<100 ,<100 , <100,<100 ,<100 , <100,<100 ,<100 , <100,<100 ,<100 , <100,<100 ,<100 , <100,<100 ,<100 , <100,<100 ,<100 , <100,<100 ,<100 , <100,20
Tajikistan,<500 ,<500 , <1000,<500 ,<500 , <1000,<500 ,<500 , <1000,<1000 ,<500 , <1000,<1000 ,<500 , <1000,<1000 ,<500 , <1000,<500 ,<500 , <1000,<500 ,<500 , <1000,<500 ,<500 , <500,-14
Thailand,27 000 ,19 000 , 36 000,25 000 ,18 000 , 34 000,23 000 ,16 000 , 32 000,23 000 ,15 000 , 32 000,22 000 ,15 000 , 32 000,21 000 ,14 000 , 31 000,20 000 ,14 000 , 30 000,20 000 ,14 000 , 29 000,18 000 ,13 000 , 26 000,-32
Timor-Leste,... ,... , ...,... ,... , ...,... ,... , ...,... ,... , ...,... ,... , ...,... ,... , ...,... ,... , ...,... ,... , ...,... ,... , ...,...
Togo,5700 ,5100 , 6300,4900 ,4300 , 5400,4600 ,4100 , 5100,4500 ,4000 , 5000,4800 ,4300 , 5400,4900 ,4300 , 5400,4600 ,4000 , 5100,4100 ,3600 , 4500,3800 ,3300 , 4200,-34
Trinidad and Tobago,... ,... , ...,... ,... , ...,... ,... , ...,... ,... , ...,... ,... , ...,... ,... , ...,... ,... , ...,... ,... , ...,... ,... , ...,...
Tunisia,<100 ,<100 , <100,<100 ,<100 , <100,<100 ,<100 , <100,<100 ,<100 , <100,<100 ,<100 , <100,<100 ,<100 , <200,<100 ,<100 , <200,<100 ,<100 , <200,<100 ,<100 , <200,306
Turkey,... ,... , ...,... ,... , ...,... ,... , ...,... ,... , ...,... ,... , ...,... ,... , ...,... ,... , ...,... ,... , ...,... ,... , ...,...
Turkmenistan,... ,... , ...,... ,... , ...,... ,... , ...,... ,... , ...,... ,... , ...,... ,... , ...,... ,... , ...,... ,... , ...,... ,... , ...,...
Uganda,56 000 ,48 000 , 66 000,51 000 ,44 000 , 62 000,47 000 ,40 000 , 57 000,41 000 ,34 000 , 50 000,35 000 ,29 000 , 44 000,30 000 ,25 000 , 38 000,26 000 ,21 000 , 35 000,25 000 ,20 000 , 34 000,23 000 ,19 000 , 31 000,-58
Ukraine,12 000 ,10 000 , 15 000,12 000 ,10 000 , 14 000,12 000 ,9900 , 14 000,9900 ,8300 , 12 000,8400 ,6900 , 10 000,7800 ,6300 , 9900,8300 ,6500 , 10 000,6900 ,5200 , 8800,6100 ,4700 , 8000,-51
United Arab Emirates,... ,... , ...,... ,... , ...,... ,... , ...,... ,... , ...,... ,... , ...,... ,... , ...,... ,... , ...,... ,... , ...,... ,... , ...,...
United Kingdom,... ,... , ...,... ,... , ...,... ,... , ...,... ,... , ...,... ,... , ...,... ,... , ...,... ,... , ...,<200 ,<200 , <500,... ,... , ...,...
United Republic of Tanzania,48 000 ,42 000 , 53 000,44 000 ,38 000 , 49 000,46 000 ,40 000 , 52 000,38 000 ,33 000 , 43 000,32 000 ,28 000 , 37 000,29 000 ,25 000 , 34 000,27 000 ,23 000 , 31 000,24 000 ,21 000 , 29 000,24 000 ,20 000 , 29 000,-49
United States,... ,... , ...,... ,... , ...,... ,... , ...,... ,... , ...,... ,... , ...,... ,... , ...,... ,... , ...,... ,... , ...,... ,... , ...,...
Uruguay,<500 ,<200 , <500,<500 ,<200 , <500,<500 ,<200 , <500,<500 ,<200 , <500,<200 ,<200 , <500,<200 ,<100 , <500,<200 ,<100 , <500,<200 ,<200 , <500,<200 ,<100 , <500,-35
Uzbekistan,1800 ,1700 , 1900,1900 ,1800 , 2100,2100 ,2000 , 2200,1900 ,1800 , 2100,1800 ,1700 , 2000,1800 ,1600 , 2000,1700 ,1500 , 1800,1600 ,1400 , 1800,1300 ,1100 , 1500,-28
Venezuela (Bolivarian Republic of),... ,... , ...,... ,... , ...,... ,... , ...,... ,... , ...,... ,... , ...,... ,... , ...,... ,... , ...,... ,... , ...,... ,... , ...,...
Viet Nam,8500 ,6400 , 9800,8300 ,6300 , 9500,7400 ,5600 , 8800,6800 ,5000 , 8200,6400 ,4600 , 7900,6100 ,4400 , 7700,5300 ,3800 , 6800,5000 ,3400 , 6500,4700 ,3200 , 6200,-45
Yemen,<200 ,<100 , <500,<200 ,<100 , <500,<200 ,<100 , <500,<200 ,<100 , <500,<500 ,<200 , <500,<500 ,<200 , <500,<500 ,<200 , <500,<500 ,<200 , <500,<500 ,<200 , <1000,152
Zambia,26 000 ,21 000 , 35 000,24 000 ,19 000 , 31 000,23 000 ,18 000 , 30 000,21 000 ,16 000 , 27 000,19 000 ,15 000 , 25 000,18 000 ,15 000 , 24 000,17 000 ,14 000 , 23 000,16 000 ,13 000 , 21 000,17 000 ,13 000 , 22 000,-37
Zimbabwe,54 000 ,43 000 , 68 000,42 000 ,33 000 , 52 000,34 000 ,27 000 , 42 000,28 000 ,23 000 , 35 000,25 000 ,20 000 , 32 000,24 000 ,19 000 , 30 000,23 000 ,18 000 , 28 000,23 000 ,18 000 , 29 000,22 000 ,17 000 , 27 000,-60
Global,1 200 000 ,860 000,1 600 000,1 100 000 ,810 000,1 500 000,1 000 000 ,770 000,1 400 000,970 000 ,720 000,1 300 000,920 000 ,680 000,1 300 000,880 000 ,650 000,1 200 000,840 000 ,620 000,1 100 000,800 000 ,600 000,1 100 000,770 000 ,570 000,1 100 000,-33